{
   "ActiveDirectoryPlugin":{
      "plugin_name":"ActiveDirectoryPlugin",
      "environment_name":"active-directory",
      "version":"1.0.0",
      "clients":[
         {
            "name":"DAC",
            "landscapes":[
               {
                  "name":"Prod",
                  "user":"adProd",
                  "password":"WQ$FG%^&RET",
                  "url":"ldap://capasmprdad01.capgeminiautonomics.com:389",
                  "inititial-content-factory":"com.sun.jndi.ldap.LdapCtxFactory",
                  "search_bases":[
                     "CN=Users,DC=prod,DC=capgeminiautonomics,DC=com",
                     "CN=Users,DC=dev,DC=capgeminiautonomics,DC=com"
                  ]
               },
               {
                  "name":"QA",
                  "user":"ADAdmin",
                  "password":"ADER@1234",
                  "url":"ldap://capasmqaad01.capgeminiautonomics.com:389",
                  "search_bases":[
                     "CN=Users,DC=prod,DC=capgeminiautonomics,DC=com",
                     "CN=Users,DC=dev,DC=capgeminiautonomics,DC=com"
                  ]
               }
            ]
         }
      ]
   }
}