<Activity mc:Ignorable="sap sap2010" x:Class="Sequence1" mva:VisualBasic.Settings="{x:Null}" sap:VirtualizedContainerService.HintSize="594,851.333333333333" sap2010:WorkflowViewState.IdRef="Sequence1_1" xmlns="http://schemas.microsoft.com/netfx/2009/xaml/activities" xmlns:mc="http://schemas.openxmlformats.org/markup-compatibility/2006" xmlns:mva="clr-namespace:Microsoft.VisualBasic.Activities;assembly=System.Activities" xmlns:sap="http://schemas.microsoft.com/netfx/2009/xaml/activities/presentation" xmlns:sap2010="http://schemas.microsoft.com/netfx/2010/xaml/activities/presentation" xmlns:scg="clr-namespace:System.Collections.Generic;assembly=mscorlib" xmlns:sco="clr-namespace:System.Collections.ObjectModel;assembly=mscorlib" xmlns:ui="http://schemas.uipath.com/workflow/activities" xmlns:x="http://schemas.microsoft.com/winfx/2006/xaml">
  <TextExpression.NamespacesForImplementation>
    <sco:Collection x:TypeArguments="x:String">
      <x:String>System.Activities</x:String>
      <x:String>System.Activities.Statements</x:String>
      <x:String>System.Activities.Expressions</x:String>
      <x:String>System.Activities.Validation</x:String>
      <x:String>System.Activities.XamlIntegration</x:String>
      <x:String>Microsoft.VisualBasic</x:String>
      <x:String>Microsoft.VisualBasic.Activities</x:String>
      <x:String>System</x:String>
      <x:String>System.Collections</x:String>
      <x:String>System.Collections.Generic</x:String>
      <x:String>System.Data</x:String>
      <x:String>System.Diagnostics</x:String>
      <x:String>System.Drawing</x:String>
      <x:String>System.IO</x:String>
      <x:String>System.Linq</x:String>
      <x:String>System.Net.Mail</x:String>
      <x:String>System.Xml</x:String>
      <x:String>System.Xml.Linq</x:String>
      <x:String>UiPath.Core</x:String>
      <x:String>UiPath.Core.Activities</x:String>
      <x:String>System.Windows.Markup</x:String>
    </sco:Collection>
  </TextExpression.NamespacesForImplementation>
  <TextExpression.ReferencesForImplementation>
    <sco:Collection x:TypeArguments="AssemblyReference">
      <AssemblyReference>System.Activities</AssemblyReference>
      <AssemblyReference>Microsoft.VisualBasic</AssemblyReference>
      <AssemblyReference>mscorlib</AssemblyReference>
      <AssemblyReference>System.Data</AssemblyReference>
      <AssemblyReference>System.Data.DataSetExtensions</AssemblyReference>
      <AssemblyReference>System</AssemblyReference>
      <AssemblyReference>System.Drawing</AssemblyReference>
      <AssemblyReference>System.Core</AssemblyReference>
      <AssemblyReference>System.Xml</AssemblyReference>
      <AssemblyReference>System.Xml.Linq</AssemblyReference>
      <AssemblyReference>PresentationFramework</AssemblyReference>
      <AssemblyReference>WindowsBase</AssemblyReference>
      <AssemblyReference>PresentationCore</AssemblyReference>
      <AssemblyReference>System.Xaml</AssemblyReference>
      <AssemblyReference>UiPath.System.Activities</AssemblyReference>
      <AssemblyReference>UiPath.UiAutomation.Activities</AssemblyReference>
    </sco:Collection>
  </TextExpression.ReferencesForImplementation>
  <Sequence DisplayName="Sequence1" sap:VirtualizedContainerService.HintSize="376,686.666666666667" sap2010:WorkflowViewState.IdRef="Sequence_1">
    <sap:WorkflowViewStateService.ViewState>
      <scg:Dictionary x:TypeArguments="x:String, x:Object">
        <x:Boolean x:Key="IsExpanded">True</x:Boolean>
      </scg:Dictionary>
    </sap:WorkflowViewStateService.ViewState>
    <ui:SendHotkey DelayBefore="{x:Null}" DelayBetweenKeys="{x:Null}" DelayMS="{x:Null}" Activate="True" ClickBeforeTyping="False" DisplayName="Send Hotkey" EmptyField="False" sap:VirtualizedContainerService.HintSize="334,117.333333333333" sap2010:WorkflowViewState.IdRef="SendHotkey_1" Key="e" KeyModifiers="Win" SendWindowMessages="False" SpecialKey="False">
      <ui:SendHotkey.Target>
        <ui:Target ClippingRegion="{x:Null}" Element="{x:Null}" Selector="{x:Null}" TimeoutMS="{x:Null}" WaitForReady="INTERACTIVE" />
      </ui:SendHotkey.Target>
    </ui:SendHotkey>
    <ui:Click DelayBefore="{x:Null}" DelayMS="{x:Null}" ClickType="CLICK_SINGLE" DisplayName="Click 'menu item  Quick access'" sap:VirtualizedContainerService.HintSize="334,106" sap2010:WorkflowViewState.IdRef="Click_4" KeyModifiers="None" MouseButton="BTN_LEFT" SendWindowMessages="False" SimulateClick="False">
      <ui:Click.CursorPosition>
        <ui:CursorPosition Position="Center">
          <ui:CursorPosition.OffsetX>
            <InArgument x:TypeArguments="x:Int32" />
          </ui:CursorPosition.OffsetX>
          <ui:CursorPosition.OffsetY>
            <InArgument x:TypeArguments="x:Int32" />
          </ui:CursorPosition.OffsetY>
        </ui:CursorPosition>
      </ui:Click.CursorPosition>
      <ui:Click.Target>
        <ui:Target ClippingRegion="{x:Null}" Element="{x:Null}" TimeoutMS="{x:Null}" InformativeScreenshot="5e734cef3d73f72d60f1e231b22321ff" Selector="&lt;wnd app='explorer.exe' cls='CabinetWClass' idx='1' title='File Explorer' /&gt;&lt;wnd cls='ToolbarWindow32' title='Address: Quick access' /&gt;&lt;ctrl name='Address: Quick access' role='tool bar' /&gt;" WaitForReady="INTERACTIVE" />
      </ui:Click.Target>
    </ui:Click>
    <ui:SendHotkey DelayBefore="{x:Null}" DelayBetweenKeys="{x:Null}" DelayMS="{x:Null}" Activate="True" ClickBeforeTyping="False" DisplayName="Send Hotkey" EmptyField="False" sap:VirtualizedContainerService.HintSize="334,117.333333333333" sap2010:WorkflowViewState.IdRef="SendHotkey_2" Key="del" KeyModifiers="None" SendWindowMessages="False" SpecialKey="True">
      <ui:SendHotkey.Target>
        <ui:Target ClippingRegion="{x:Null}" Element="{x:Null}" Selector="{x:Null}" TimeoutMS="{x:Null}" WaitForReady="INTERACTIVE" />
      </ui:SendHotkey.Target>
    </ui:SendHotkey>
    <ui:TypeInto DelayBefore="{x:Null}" DelayBetweenKeys="{x:Null}" DelayMS="{x:Null}" Activate="True" ClickBeforeTyping="False" DisplayName="Type Into 'editable text  Address'" EmptyField="False" sap:VirtualizedContainerService.HintSize="334,134" sap2010:WorkflowViewState.IdRef="TypeInto_3" SendWindowMessages="False" SimulateType="False" Text="%temp%[k(enter)]">
      <ui:TypeInto.Target>
        <ui:Target ClippingRegion="{x:Null}" Element="{x:Null}" TimeoutMS="{x:Null}" InformativeScreenshot="ce3675c66072f6e80320dbba1d87cc3c" Selector="&lt;wnd app='explorer.exe' cls='CabinetWClass' idx='1' title='File Explorer' /&gt;&lt;wnd aaname='Address' cls='ComboBox' /&gt;&lt;wnd aaname='Address' cls='Edit' /&gt;&lt;ctrl name='Address' role='editable text' /&gt;" WaitForReady="INTERACTIVE" />
      </ui:TypeInto.Target>
    </ui:TypeInto>
  </Sequence>
</Activity>