<?xml version="1.0" encoding="UTF-8"?>
<test-data
    xmlns="http://pmd.sourceforge.net/rule-tests"
    xmlns:xsi="http://www.w3.org/2001/XMLSchema-instance"
    xsi:schemaLocation="http://pmd.sourceforge.net/rule-tests https://pmd.sourceforge.io/rule-tests_1_0_0.xsd">

 

    <test-code reinitializeRule="true" regressionTest="true" useAuxClasspath="true">
        <description>Just a description for the message box</description>
        <rule-property name="somePropName">propValue</rule-property>    
        <expected-problems>2</expected-problems>
        <expected-linenumbers>5,14</expected-linenumbers>              
        <expected-messages>                                            
            <message>message 1:Enter a proper name as Message_box</message>
            <message>Violation Message_box Enter a unique name</message>
        </expected-messages>
        <code>
        ]]></code>
        <source-type>java 1.8</source-type>                            
    </test-code>

 

    <code-fragment id="code1">
    ]]></code-fragment>

 

    <test-code>
        <description>test case using a code fragment</description>
        <expected-problems>0</expected-problems>
        <code-ref id="code1"/>
    </test-code>
</test-data>