{
	"email" : {
		"user" = "xxxx@capgemini.com",
		"password" : "xxxxx",
	    "smtp_auth" : "true",
		"starttls_enable" : "true",
		"host" : "outlook.office365.com",
        "port" : "587"
	},
	"input_fields" : {
      
		"versions" : [
			"config_file" : "/path/to/config-file.config",
			{ 
				"version" : "1.0.0",
				"field" : {
					"name" : "id",
					"type" : "String",
					"defualt" : "",
					"format" : "",
					"friendly_format" : "",
					"required" : true
				},
				"field" : {
					"name" : "first_name",
					"type" : "String",
					"defualt" : "",
					"format" : "",
					"friendly_format" : "",
					"required" : true
				},
				"field" : {
					"name" : "last_name",
					"type" : "String",
					"defualt" : "",
					"format" : "",
					"friendly_format" : "",
					"required" : true
				},
				"field" : {
					"name" : "email",
					"type" : "Regex",
					"defualt" : "",
					"format" : "^[a-zA-Z0-9+_.-]+@[a-zA-Z0-9.-]+$",
					"friendly_format" : "user.name@example.com",
					"required" : true
				},
				"field" : {
					"name" : "email",
					"type" : "Array",
					"entry_type" : "String",
					"defualt" : "",
					"format" : "",
					"friendly_format" : "",
					"required" : true
				},
				"field" : {
					"name" : "environment",
					"type" : "Composit",
					"required" : true
				},
				"field" : {
					"parent" : "environment",
					"class" : "discoverable-key"
					"name" : "client",
					"type" : "Composit",
					"defualt" : "",
					"format" : "^[a-zA-Z0-9+_.-]+@[a-zA-Z0-9.-]+$",
					"friendly_format" : "user.name@example.com",
					"required" : true,
					"description" : "This is a section for describing specific clients. The key name should be the name of the client it self and the value is a json object containing the environments for the clients."
				},
				"field" : {
					"parent" : "environment:client",
					"class" : "discoverable-key"
					"name" : "client",
					"type" : "Composit",
					"required" : true,
					"description" : "This is a section for describing specific clients. The key name should be the name of the client it self and the value is a json object containing the environments for the clients."
				}				
			}
		]
	},
	"plugins" : {
		"SAPPlugin" : {
			"config_file" : "/path/to/config-file.config"
		},
			"ActiveDirectoryPlugin" : {
			"plugin_name" : "ActiveDirectoryPlugin",
			"environment_name" : "active-directory",
			"version" : "1.0.0",
			"clients" : [
				{
					"name" : "DAC",
					"defualts" : {
						"url" : "",
						"inititial_content-factory" : "com.sun.jndi.ldap.LdapCtxFactory",
						"field" : {
							"name" : "end_date",
							"type" : "date",
							"defualt" : "current + 365",
							"format" : "dd-mm-yyyy hh:mm:ss",
							"friendly_format" : "",
							"required" : false
						}
					},
					"landscapes" : [
						{
							"name" : "Prod",
							"user" : "adtest",
							"password" : "passwordforadtest",
							"url" : "ldap://capasmprdad01.capgeminiautonomics.com:389",
							"inititial-content-factory" : "com.sun.jndi.ldap.LdapCtxFactory",
							"search_bases" : [
								"CN=Users,DC=prod,DC=capgeminiautonomics,DC=com",
								"CN=Users,DC=dev,DC=capgeminiautonomics,DC=com"
							]
						},
						{
							"name" : "QA",
							"user" : "adtest",
							"password" : "passwordforadtest",
							"url" : "ldap://capasmqaad01.capgeminiautonomics.com:389",
							"search_bases" : [
								"CN=Users,DC=prod,DC=capgeminiautonomics,DC=com",
								"CN=Users,DC=dev,DC=capgeminiautonomics,DC=com"
							]
						},
					]
				},
				{
					"config_file" : "/path/to/config-file.config",
				}			
			],
			"input_fields" : {
				"versions" : [
					{ 
						"version" : "1.0.0",
						"field" : {
							"name" : "id",
							"type" : "String",
							"defualt" : "",
							"format" : "",
							"friendly_format" : "",
							"required" : true
						},
						{
							"name" : "first_name",
							"type" : "String",
							"defualt" : "",
							"format" : "",
							"friendly_format" : "",
							"required" : true
						},
						{
							"name" : "last_name",
							"type" : "String",
							"defualt" : "",
							"format" : "",
							"friendly_format" : "",
							"required" : true
						},
						{
							"name" : "email",
							"type" : "Regex",
							"defualt" : "",
							"format" : "^[a-zA-Z0-9+_.-]+@[a-zA-Z0-9.-]+$",
							"friendly_format" : "user.name@example.com",
							"required" : true
						}
					}
				]
			}
		}
	}
}