{
   "ActiveDirectoryPlugin":{
      "plugin_name":"ActiveDirectoryPlugin",
      "environment_name":"active-directory",
      "version":"1.0.0",
      "clients":[
         {
            "name":"DAC",
           
            "landscapes":[
               {
                  "name":"Prod",
                  "user":"adtest",
                  "password":"passwordforadtest",
                  "url":"ldap://capasmprdad01.capgeminiautonomics.com:389",
                  "inititial-content-factory":"com.sun.jndi.ldap.LdapCtxFactory",
                  "search_bases":[
                     "CN=Users,DC=prod,DC=capgeminiautonomics,DC=com",
                     "CN=Users,DC=dev,DC=capgeminiautonomics,DC=com"
                  ]
               },
               {
                  "name":"QA",
                  "user":"adtest",
                  "password":"passwordforadtest",
                  "url":"ldap://capasmqaad01.capgeminiautonomics.com:389",
                  "search_bases":[
                     "CN=Users,DC=prod,DC=capgeminiautonomics,DC=com",
                     "CN=Users,DC=dev,DC=capgeminiautonomics,DC=com"
                  ]
               }
            ]
         },
         {
            "config_file":"/path/to/config-file.config"
         }
      ],
      "input_fields":{
         "versions":{
            "1_0_0":[
               {
                  "name":"id",
                  "type":"String",
                  "defualt":"",
                  "format":"",
                  "friendly_format":"",
                  "required":true
               },
               {
                  "name":"first_name",
                  "type":"String",
                  "defualt":"",
                  "format":"",
                  "friendly_format":"",
                  "required":true
               },
               {
                  "name":"last_name",
                  "type":"String",
                  "defualt":"",
                  "format":"",
                  "friendly_format":"",
                  "required":true
               },
               {
                  "name":"email",
                  "type":"Regex",
                  "defualt":"",
                  "format":"^[a-zA-Z0-9+_.-]+@[a-zA-Z0-9.-]+$",
                  "friendly_format":"user.name@example.com",
                  "required":true
               }
            ]
         }
      }
   }
}