{

    "CONA": {

        "AD": {

            "PRD": {

                "ERROR": [

                    "error 1",

                    "error 2"

                ],

                "WARNING": [

                    "warning 1",

                    "warning 2"

                ]

            }

        },

        "SAP": {

            "PRD:800": {

                "ERROR": [

                    "error 1",

                    "error 2"

                ],

                "WARNING": [

                    "warning 1",

                    "warning 2"

                ]

            }

        }

    },

    "DAC": {

        "AD": {

            "PRD": {

                "ERROR": [

                    "error 1",

                    "error 2"

                ],

                "WARNING": [

                    "warning 1",

                    "warning 2"

                ]

            }

        },

        "SAP": {

            "PRD:800": {

                "ERROR": [

                    "error 1",

                    "error 2"

                ],

                "WARNING": [

                    "warning 1",

                    "warning 2"

                ]

            }

        }

    }

}

