{
  "$schema": "https://json-schema.org/draft/2019-09/schema#",

  "type": "object",
 
  "additionalProperties": true,
  "required": ["first_name","last_name","email","ValidFrom", "ValidTo","Roles","environment"],
  "properties": {
    "first_name": {
      "type": "string",
      "description": "First name"
    },
      "last_name": {
      "type": "string",
      "description": "Last Name"
    },
     "email": {
      "type": "string",
      "description": "email",
      "pattern":"^[a-zA-Z0-9+_.-]+@[a-zA-Z0-9.-]+$"
  },
   "ValidFrom": {
      "type": "string",
      "description": "fromDate",
       "pattern": "^(3[01]|[12][0-9]|0[1-9])-(1[0-2]|0[1-9])-[0-9]{4} (2[0-3]|[01]?[0-9]):([0-5]?[0-9]):([0-5]?[0-9])$"
  },
    "ValidTo": {
      "type": "string",
      "description": "toDate",
      "pattern": "^(3[01]|[12][0-9]|0[1-9])-(1[0-2]|0[1-9])-[0-9]{4} (2[0-3]|[01]?[0-9]):([0-5]?[0-9]):([0-5]?[0-9])$"
  },
   
    "Roles": {
      "type": "array",
      "items": { "$ref": "#/$defs/tag" }
    },
   
   "environment": {
      "type": "object",
     
         
          "additionalProperties": {
		  "type": "object",
            "properties": {
           "landscapes": {
        
                  "type": "object",
				  "additionalProperties":{
				  "type":"array"
				
                }
				
              }
             
            }
          }
         
        
     
}

},
"$defs": {
    "tag": {
      "type": "string",
      "enum": ["Platform Administration","Automic Developer", "UiPath Developer"]
    }

}
}
