
{
  "id":"",
  "first_name":"John",
  "last_name":"Smith",
  "email":"john.smith@example.com",
  "company":"Capgemini NA, ASM",
  "department":"DAC",
  "roles":["Automic Developer", "UiPath Developer", "Platform Administration"],
  "start_date":"2020-08-07",
  "end_date":"Indefinate",
  "environment":{
   
          "sap":{
        	        "landscapes":{
					"Prod":["admin", "uipath developer", "fuzzy bunny pettor"],
                      "DD1:101":["admin", "uipath developer", "fuzzy bunny pettor"]
                       }
          },
   "AD":{
        	        "landscapes":{
						"Prod":	["admin", "uipath developer", "fuzzy bunny pettor"],  //validations as pojos are done backend
					   "QA":["admin", "uipath developer", "fuzzy bunny pettor"],
                      "DD1:101":["admin", "uipath developer", "fuzzy bunny pettor"]
                       }
          }
 
    
       }
 
}
